time,close,high,low,open,volume
2016-01-25,21.9471435546875,21.9471435546875,21.27299197452338,21.37219884846279,257666000
2016-02-01,21.19858741760254,21.944890723660592,21.124183980238552,21.75098731195404,868619200
2016-02-08,21.306814193725586,21.841808295701437,20.989444547371622,21.111858627944954,924489200
2016-02-15,21.77153778076172,22.417610759342967,21.44736758736471,21.540310569779557,673265200
2016-02-22,21.968761444091797,22.220388418416178,21.154934823925576,21.832744619666812,636211600
2016-02-29,23.351577758789062,23.519329601316926,21.909814379324626,21.957419561817996,807215200
2016-03-07,23.18156623840332,23.310780842406892,22.703245116849125,23.211035628956477,622057200
2016-03-14,24.011255264282227,24.142737253141327,23.072748996747507,23.10222011155847,728292800
2016-03-21,23.95458221435547,24.40343386591445,23.777762443280135,24.013522714555755,479134400
2016-03-28,24.933900833129883,25.03137865089244,23.775502333717707,24.02939848753615,591860000
2016-04-04,24.632396697998047,25.432620583002485,24.50998259602623,25.031374071618345,582890400
2016-04-11,24.902162551879883,25.477961519189716,24.63239974208257,24.702673840416818,649240000
2016-04-18,23.956850051879883,24.69813335072423,23.716556689907346,24.684532361790104,756212000
2016-04-25,21.250139236450195,23.95004580668786,20.971308629813855,23.80269544138376,1397696400
2016-05-02,21.0189208984375,21.739802843988773,20.82169787566916,21.30228641587863,902429200
2016-05-09,20.645126342773438,21.386362126051086,20.405651210670854,21.21074702917586,864199200
2016-05-16,21.717077255249023,21.764972301274632,20.902857992701314,21.071631260609106,850828800
2016-05-23,22.88709259033203,22.97376132047607,21.81971240163215,21.865327980670173,816000000
2016-05-30,22.33287239074707,22.898493301027965,22.038658477663525,22.71603449382609,560708000
2016-06-06,22.540409088134766,23.238310489546294,22.24847652127126,22.348827253595996,499457600
2016-06-13,21.742158889770508,22.606554153748437,21.735316990961696,22.508482877358972,766930400
2016-06-20,21.301986694335938,22.097959786870423,21.13093220012027,21.894975259605665,826916000
2016-06-27,21.8698787689209,22.002161278167506,20.868640318004687,21.210749175676895,737313600
2016-07-04,22.05005645751953,22.097951489108617,21.523209369983913,21.75584262913886,450824000
2016-07-11,22.52901840209961,22.647617166710024,22.061470465620772,22.06603115346437,571642400
2016-07-18,22.501649856567383,23.03533905488926,22.421823032153885,22.510771231874198,590262000
2016-07-25,23.76744270324707,23.844988283156116,21.99075714481081,22.40813037241417,1026284000
2016-08-01,24.513246536254883,24.55201846494779,23.719553034476586,23.813063646089404,680596800
2016-08-08,24.80655288696289,24.980827550795592,24.57265937060707,24.65520868559925,498023200
2016-08-15,25.077131271362305,25.27662992681877,24.783617214701145,24.79737513939408,529485600
2016-08-22,24.522205352783203,25.067957924832687,24.377740150268842,24.962476423486066,494422000
2016-08-29,24.703371047973633,24.765283486918594,24.192013035832517,24.448838827732807,532002400
2016-09-05,23.648540496826172,24.93954604336329,23.648540496826172,24.74234096430934,675214800
2016-09-12,26.352087020874023,26.629549618135165,23.510959738357045,23.53847734078534,1552912800
2016-09-19,25.845317840576172,26.641017292130996,25.57932133269888,26.414002744544685,804382800
2016-09-26,25.92328453063965,26.287883613851907,25.57932233916446,25.59995923090153,625536000
2016-10-03,26.15488052368164,26.269534570163824,25.74671239812217,25.845314948076126,504117600
2016-10-10,26.973512649536133,27.21658043848777,26.306226951743998,26.37501833582,834833600
2016-10-17,26.737327575683594,27.10651380449452,26.095265862151432,26.904723280152787,462126000
2016-10-24,26.07691764831543,27.140907102002387,25.98290048671178,26.851978403528175,840902400
2016-10-31,24.957895278930664,26.193867671986908,24.790501328774457,26.060868540710647,625386000
2016-11-07,24.991533279418945,25.749830495487437,24.392271560249384,25.371834560697522,829076000
2016-11-14,25.367231369018555,25.477865173155774,23.988929183199716,24.825590842648985,793365600
2016-11-21,25.765968322753906,25.911173521269426,25.35570450858183,25.381058048420726,376529600
2016-11-28,25.33034896850586,25.922696449989033,25.088338564959518,25.68299139309993,622000000
2016-12-05,26.263818740844727,26.436682844251248,24.950052258341014,25.353401832956227,607958400
2016-12-12,26.729394912719727,26.904564327395807,25.92730486317282,26.111693905828087,780062400
2016-12-19,26.856164932250977,27.082041455991284,26.641813384856466,26.69021687873721,453292000
2016-12-26,26.69482421875,27.201891495298575,26.60493503571152,26.85616332716153,339314400
2017-01-02,27.17654037475586,27.234161737512817,26.450510852325266,26.690215932409956,415382000
2017-01-09,27.436983108520508,27.64211498043393,27.183449512067703,27.185753100047595,555242800
2017-01-16,27.658254623413086,27.77349735101064,27.247990794520106,27.275647923726257,465392000
2017-01-23,28.107702255249023,28.220641401210113,27.543013559301887,27.658256293859637,498157200
2017-01-30,29.75105857849121,30.076043866314556,27.80115212694378,27.872602044778326,999124800
2017-02-06,30.45173454284668,30.640734287647994,29.70957116088832,29.762585343120083,545796800
2017-02-13,31.417118072509766,31.544435421919577,30.729607917874617,30.805998327520502,546670000
2017-02-20,31.634708404541016,31.82452407254028,31.315258302867115,31.53516812020585,351635600
2017-02-27,32.35694122314453,32.47268360941481,31.546744519252588,31.745821564924558,509896000
2017-03-06,32.20878219604492,32.40322850344233,31.724980003052682,32.262022689984995,398688800
2017-03-13,32.40554428100586,32.64397323837537,32.134707607066986,32.14165186546212,486158400
2017-03-20,32.556007385253906,33.05601517451009,32.34535546494096,32.5004497868334,518696000
2017-03-27,33.25511169433594,33.44955810480024,32.088426167193695,32.26667047620841,508035600
2017-04-03,33.18101501464844,33.67176496521122,33.113886007901165,33.26666675285494,421664800
2017-04-10,32.65093231201172,33.30603473122066,32.421761084458055,33.24121926867216,349942800
2017-04-17,32.93333435058594,33.08379801598208,32.512030435993914,32.75045943128878,356994000
2017-04-24,33.25278091430664,33.5421368343134,33.143982805809955,33.21805961677653,364614800
2017-05-01,34.48196792602539,34.48659507759118,33.39630394597338,33.58843670125679,701406800
2017-05-08,36.134765625,36.208838897479524,34.4981669854185,34.4981669854185,693882400
2017-05-15,35.57730484008789,36.411764503783104,34.79863211438949,36.26300288254842,629419600
2017-05-22,35.70513153076172,36.004977763247624,35.486637222602816,35.79578304725794,412906000
2017-05-29,36.132835388183594,36.132835388183594,35.3820543896702,35.6609819744137,355011600
2017-06-05,34.628936767578125,36.25601801556233,33.94091582604225,35.87481626504769,636638800
2017-06-12,33.06926727294922,34.28492849004704,33.0529947569857,33.87583502693012,882121600
2017-06-19,34.0013542175293,34.20590274079534,33.39236199185875,33.39236199185875,533012000
2017-06-26,33.47603988647461,34.46623389978136,33.07159264606453,34.2082251259735,508240800
2017-07-03,33.513221740722656,33.773557140838946,33.101805196769725,33.67593269582865,316711600
2017-07-10,34.642887115478516,34.710296762129296,33.32495155884817,33.49695858997639,444353600
2017-07-17,34.92879867553711,35.27048613964097,34.53365094501255,34.591761009700186,424326400
2017-07-24,34.749813079833984,35.793470950167624,34.2384453023917,35.00084894441611,423272400
2017-07-31,36.351322174072266,37.13232137586684,34.43136742859041,34.84278402256486,691234000
2017-08-07,36.60468292236328,37.615799244750185,35.94223045834781,36.50705846072172,605076400
2017-08-14,36.75309371948242,37.922190847379774,36.57107868305969,37.17779784492468,538514000
2017-08-21,37.30380630493164,37.50915806003295,36.1953796861909,36.75309314771942,450684800
2017-08-28,38.28156280517578,38.48924684600232,37.32014596255517,37.36915166238365,504514800
2017-09-04,37.016780853271484,38.32822333732783,36.99344413320669,38.21154685837097,406640800
2017-09-11,37.3084831237793,38.260563901925785,36.84877737539445,37.45316086120725,884310000
2017-09-18,35.4439697265625,37.4531382182689,35.13360996077407,37.36213073511909,744754000
2017-09-25,35.96434783935547,36.104361003748345,34.80691944834739,35.000602782795035,619427200
2017-10-02,36.239715576171875,36.28405320849662,35.576994021116754,35.9970265026102,375137200
2017-10-09,36.63408660888672,36.86977184325368,36.19304960711313,36.358728233438384,325219200
2017-10-16,36.46140670776367,37.53949644187987,36.174383511151746,36.84643773832396,504205200
2017-10-23,38.048213958740234,38.17655884312885,36.232727588835296,36.61075837495738,489613200
2017-10-30,40.25338363647461,40.66408354419493,38.20454503246988,38.2442146064528,860709600
2017-11-06,40.759761810302734,41.126127673052046,40.07137127837423,40.223049280759206,553701600
2017-11-13,39.847740173339844,40.86647610741686,39.43322318917015,40.63228426725974,465838800
2017-11-20,40.97653579711914,41.10065715392758,39.70955741696045,39.88051641480327,324037200
2017-11-27,40.058509826660156,41.00230253535157,39.14750382843879,40.99527706692823,680394000
2017-12-04,39.665061950683594,40.426185260928285,38.98356656412703,40.39339855358015,549924400
2017-12-11,40.74235916137695,40.789196819819715,39.52924343884898,39.62526296142143,556588800
2017-12-18,40.98591232299805,41.49879302048942,40.57373597415919,40.955469813996565,470529600
2017-12-25,39.632286071777344,40.24587115334235,39.629945439714064,39.99996899430369,388655200
2018-01-01,40.98358154296875,41.0702314004302,39.639318781904876,39.85009363107383,404673600
2018-01-08,41.4730339050293,41.536266705175215,40.51519009509924,40.83135052234479,440790000
2018-01-15,41.79386901855469,42.177943416755134,40.999958981942896,41.66271861253719,510284800
2018-01-22,40.16624450683594,42.02338780951621,39.82666702550764,41.52221737349434,766299200
2018-01-29,37.58779525756836,39.850089586781614,37.49411993865664,39.850089586781614,1051968400
2018-02-05,36.629947662353516,38.379361046059984,35.18498439457223,37.259924302806624,1270616000
2018-02-12,40.54633331298828,41.108337225733806,37.03794588340278,37.27074234812801,901347600
2018-02-19,41.26823806762695,41.30350863075407,40.212428292032385,40.45698282322442,544825600
2018-02-26,41.43519592285156,42.47219000120603,40.55104215533317,41.468116312830226,808513600
2018-03-05,42.32168960571289,42.326393542983574,40.979004353186724,41.20004276022187,559410800
2018-03-12,41.860816955566406,43.14941987974511,41.76675612179728,42.394597386483774,621670000
2018-03-19,38.78509521484375,41.7314829225167,38.78509521484375,41.69621235460908,690682800
2018-03-26,39.45290756225586,41.18593735250613,38.84387855493184,39.52110210509954,634123200
2018-04-02,39.5940055847168,40.96961173425842,38.674581054817494,39.18484900308037,657635200
2018-04-09,41.08718490600586,41.348197905710904,39.93967136554716,39.946725480021286,511486000
2018-04-16,38.9684944152832,42.077132720522656,38.90029989271545,41.15770866338832,676952800
2018-04-23,38.16902542114258,39.25069841009638,37.77162680583212,39.22953606193375,648833600
2018-04-30,43.227012634277344,43.32577380478561,38.056136086310886,38.12433062969618,1011222800
2018-05-07,44.3463134765625,44.76487429838451,43.18939219048723,43.54446240125313,593067600
2018-05-14,43.9791145324707,44.73920687499495,43.693491895556356,44.61645808128762,396995200
2018-05-21,44.51494216918945,44.76751738634724,43.84926997841946,44.3780307909058,377579600
2018-05-28,44.90680694580078,44.91152542115865,43.93898641777942,44.28362601905173,368519600
2018-06-04,45.25143814086914,45.84157166801112,44.79585678682235,45.23727551252001,467079200
2018-06-11,44.576332092285156,45.5299900357638,44.439420660720806,45.16882854980033,560749200
2018-06-18,43.651004791259766,44.66603537569243,43.30400592167593,44.34972460809176,502417600
2018-06-25,43.695858001708984,44.20809359968619,42.66194264989053,43.292204982937776,486482000
2018-07-02,44.37096405029297,44.47954661231971,43.296920210705906,43.39134374495692,263102000
2018-07-09,45.16410446166992,45.284490417668366,44.2859853892741,44.73212624041959,340328800
2018-07-16,45.190067291259766,45.47568991233952,44.661306333894764,45.20895199708237,351736000
2018-07-23,45.08148193359375,46.25703057916782,44.74628650354268,45.01066518597408,377988800
2018-07-30,49.096763610839844,49.27380371726621,44.63063229161758,45.2986604568697,896758400
2018-08-06,48.98816680908203,49.51928701323938,48.27764729931172,49.09911220654605,486568400
2018-08-13,51.5406379699707,51.628282901605665,49.20024937487372,49.58162844414128,557495600
2018-08-20,51.20425796508789,51.91963682282286,50.6546916646733,51.66380822313629,451300800
2018-08-27,53.921295166015625,54.21502568482457,51.24453556991408,51.438776369656566,650762400
2018-09-03,52.421836853027344,54.40453234531443,52.282077741674996,54.10606318326197,530531600
2018-09-10,53.02350616455078,54.09184307717662,51.27769224424046,52.33891939292997,792999600
2018-09-17,51.55958938598633,52.81268998829562,51.00054932178924,52.62318420789418,874984400
2018-09-24,53.47358322143555,53.63939940002917,51.31559454450289,51.36060256751865,517372400
2018-10-01,53.13011169433594,55.30468417424321,52.25128398782354,53.99709822601538,570665200
2018-10-08,52.61371612548828,53.83602474346435,50.294649328803835,52.63740570599671,768031200
2018-10-15,51.950439453125,52.82216455239156,50.45571896720867,52.38867132188841,594081600
2018-10-22,51.237422943115234,53.11588980826634,50.37754271730806,52.064136318903884,742398400
2018-10-29,49.148128509521484,52.67292322352921,48.662521147330224,51.922009976032975,1082425200
2018-11-05,48.435115814208984,49.77349360602212,46.94276302103619,48.39484643018241,764797600
2018-11-12,46.00359344482422,47.505908586381345,44.1970125882665,47.30385549146894,968906000
2018-11-19,40.954673767089844,45.33087507542958,40.90951233353466,45.16448034694639,657994800
2018-11-26,42.449867248535156,43.45299464113636,40.472136243951255,41.41821607531544,854999600
2018-12-03,40.0514030456543,43.961697047636285,40.00623796694149,43.847598277874894,670107200
2018-12-10,39.33587646484375,41.0212271265666,38.824806266053535,39.22177776331117,870150800
2018-12-17,35.82969284057617,40.01810641129095,35.568216457565846,39.32875166961015,1150777200
2018-12-24,37.13710021972656,37.68145328355887,34.84559645449686,35.21642015839722,764640800
2018-12-31,35.242557525634766,37.8811155866902,33.7545079863698,37.68381767517585,887850000
2019-01-07,36.200523376464844,36.73299021469195,34.68157050708004,35.34715314808053,814824400
2019-01-14,37.277339935302734,37.52930962970912,35.47075915606963,35.85822404112847,621168000
2019-01-21,37.50077819824219,37.58873254360028,36.060269626743306,37.17987487039911,450006400
2019-01-28,39.58311080932617,40.172625241053034,36.526187820454176,37.03250305674545,809187200
2019-02-04,40.50777816772461,41.73435101672132,39.76375175652716,39.79465492441941,605593600
2019-02-11,40.68389892578125,41.17567649509034,40.40458847066945,40.834298264183325,448918400
2019-02-18,41.29265594482422,41.37621194591725,40.46188606997537,40.51440636048716,325000400
2019-02-25,41.77011489868164,41.984968006082866,41.235364449059595,41.57674637348265,483522400
2019-03-04,41.27833938598633,42.43377867365642,40.464278397663925,41.942001005754086,467119200
2019-03-11,44.43193054199219,44.72079222088939,41.860839759982504,41.894261441263254,632534000
2019-03-18,45.608856201171875,47.194005494555036,44.10009775764254,44.355537744059454,729373200
2019-03-25,45.346248626708984,46.045721490167146,44.06428422754898,45.718662621368466,671354400
2019-04-01,47.02928161621094,47.05315580507173,44.97145330201513,45.74970304683385,446161600
2019-04-08,47.47570037841797,48.425837723060546,46.840688483477834,46.89081918015454,528026800
2019-04-15,48.66695022583008,48.73617954389049,47.27039398621364,47.40647030325994,385342400
2019-04-22,48.77198791503906,49.7698662763845,48.25156050901197,48.421058494088136,389981600
2019-04-29,50.55051040649414,51.400379089529736,47.5329972037338,48.795863133655594,745822400
2019-05-06,47.07224655151367,49.85580770153789,46.01946194292642,48.7695977744757,694654400
2019-05-13,45.293216705322266,46.12479087070343,43.8193912752171,44.98407413676552,745662000
2019-05-20,42.88956832885742,45.053577643337725,42.611577291318056,43.97996149784569,627880400
2019-05-27,41.95493698120117,43.27778373688009,41.935764812126756,42.87757430633459,418765600
2019-06-03,45.56879806518555,45.99297355745612,40.80462629661702,42.08194307243886,617392800
2019-06-10,46.189491271972656,47.16005716635601,45.60475292882197,45.96661801186878,447372400
2019-06-17,47.63694381713867,48.133013961068784,46.0528798789143,46.22782084718615,526635600
2019-06-24,47.43086624145508,48.30557873956293,46.80059435905251,47.57944599966917,469474000
2019-07-01,48.943023681640625,49.14672475261066,48.08508842206504,48.68899887285619,291262800
2019-07-08,48.72016525268555,48.98137922666337,47.54829326659143,48.123443770708185,406402800
2019-07-15,48.55001449584961,49.487033785576166,48.4948967896062,48.90948447492159,349566400
2019-07-22,49.784210205078125,50.261104830641415,48.794468095724504,48.80405235542885,348612800
2019-07-29,48.89270782470703,53.05057477583062,48.31995250948189,49.956739476322696,879082000
2019-08-05,48.16657257080078,48.77527334000407,46.15114374030866,47.447632754077816,692845600
2019-08-12,49.675052642822266,51.0317948538938,47.90695608051135,48.02001823731822,644382400
2019-08-19,48.74650573730469,51.58508113305703,48.3519921175975,50.66615096375459,567620000
2019-08-26,50.213897705078125,50.625248350580826,48.9100784732345,49.52109198135494,439958400
2019-09-02,51.30121994018555,51.5802671339122,49.126584772899946,49.658214054636886,329948400
2019-09-09,52.62187957763672,54.4669525833827,50.77440232167286,51.68130018629665,701467600
2019-09-16,52.37652587890625,53.827085715911146,52.31398231907122,52.37652587890625,569162000
2019-09-23,52.63871765136719,53.52156195686944,52.23457972814304,52.66998758504578,465780800
2019-09-30,54.60887908935547,54.8999548654614,51.75106254973365,53.13907470787248,634486800
2019-10-07,56.82200622558594,57.16600118945812,53.964186098478116,54.430867558492515,588705600
2019-10-14,56.87012481689453,57.283883467507316,56.097934640282496,56.50688111943848,422709600
2019-10-21,59.316585540771484,59.35266764688448,57.0890275385287,57.13713823688301,388122000
2019-10-28,61.539337158203125,61.565794923188214,57.07459298758031,59.51865472235587,654221600
2019-11-04,62.578556060791016,62.65072028721816,61.43109347203549,61.902583547547465,423960800
2019-11-11,64.12239837646484,64.12722131238719,62.3176263012807,62.322449237203045,461333600
2019-11-18,63.162109375,64.66286726042541,62.82914268635805,64.13204973313222,455825200
2019-11-25,64.48190307617188,64.66286257965973,63.3358262207488,63.38649282001231,301081200
2019-12-02,65.31672668457031,65.38669975339957,61.837482798977916,64.48672518351057,456599200
2019-12-09,66.38801574707031,66.42420617913521,63.91731740794808,65.14542849109621,568117600
2019-12-16,67.42311096191406,68.19761571489019,66.82956574508037,66.83438868193637,732720000
2019-12-23,69.92276763916016,70.92890598367917,67.64750464922972,67.68611023707771,386438000
2019-12-30,71.76371002197266,72.52856874501903,68.81769143699375,69.8407134494623,526723200
2020-01-06,74.87623596191406,75.4408362602049,70.63454717981594,70.88547982758261,670091600
2020-01-13,76.90296936035156,76.90537714681764,74.68801934613242,75.19229966391939,652055600
2020-01-20,76.8016357421875,78.01285552986269,76.15983173383994,76.53140402567527,463685200
2020-01-27,74.67840576171875,79.1034700406626,73.56128071759098,74.81110651539845,866734800
2020-02-03,77.21663665771484,78.46887717985132,72.91945165755139,73.42130950842844,652341200
2020-02-10,78.5898208618164,79.13882231816687,75.90526182667296,75.98506974982095,492263600
2020-02-17,75.71176147460938,78.51724599612359,75.09504186089677,76.2704389733571,476635200
2020-02-24,66.11266326904297,73.5665441417501,62.00359989656375,71.89293233138102,1398039200
2020-03-02,69.9024658203125,73.52298965202486,67.16712097338844,68.26996522770997,1293800800
2020-03-09,67.22760009765625,69.2760868134583,59.97929543116825,63.788464395042844,1616839600
2020-03-16,55.44214630126953,62.65900442799819,55.14224853334512,58.5160827384301,1620263600
2020-03-23,59.916412353515625,62.56226998103535,51.42015090252566,55.16160142200833,1384190000
2020-03-30,58.385494232177734,63.48373132160691,57.294739312483024,60.64197391334163,837010800
2020-04-06,64.81391143798828,65.71118762117122,60.313049516304034,60.68066187836534,735437600
2020-04-13,68.39575958251953,69.71385626117566,64.29152983108129,64.89132559665636,829547200
2020-04-20,68.43685150146484,68.44652764676574,64.19476592721699,67.22275728234055,678844800
2020-04-27,69.91217803955078,72.31376726807983,67.28324727998736,68.15390880738622,790054000
2020-05-04,75.00556182861328,75.05876956376311,69.24706630769437,69.93634598280978,672706400
2020-05-11,74.62174224853516,77.52697547716402,72.80294181174233,74.71632342359298,834147600
2020-05-18,77.33296203613281,77.81797541682076,75.25467792371293,75.94582347133662,532904800
2020-05-25,77.10257720947266,78.63036638823644,75.92641828894915,78.45091380679956,525560400
2020-06-01,80.3909683227539,80.45159499569716,76.92554562511681,77.05650131087498,497736000
2020-06-08,82.1612777709961,86.03411057375031,79.37730522647833,80.08784817445786,811826800
2020-06-15,84.80944061279297,86.4681854978016,80.65287236003326,80.81535509997055,779940400
2020-06-22,85.75763702392578,90.30463719924026,85.15621780314628,85.20229466364677,883003200
2020-06-29,88.29911804199219,89.84146462563768,85.18776008863142,85.66549862184353,495648000
2020-07-06,93.04496002197266,93.43054475017904,89.69594340585552,89.72747045796889,564072000
2020-07-13,93.44026184082031,96.95903664657054,91.06369899216858,94.3496620228122,718600800
2020-07-20,89.83904266357422,96.27517346030017,86.47304800936116,93.5275754186182,665196000
2020-07-27,103.07505798339844,103.22541096516197,90.45257881075946,90.90121772134653,847635600
2020-08-03,107.78209686279297,110.9831805976653,104.65860964095916,104.95688812083556,1003474000
2020-08-10,111.66431427001953,112.76728173420409,106.02801240409863,109.42193923674499,941551200
2020-08-17,120.8597640991211,121.34322020785855,110.74600584056012,112.78673362528123,835695200
2020-08-24,121.28490447998047,125.15014341187617,119.5794332952392,125.06510413695364,1063638000
2020-08-31,117.54598999023438,134.08560945271932,107.76020880398585,123.97914791413308,1167976600
2020-09-07,108.8388900756836,117.09898441178457,106.89533846718923,110.73384992834117,771441800
2020-09-14,103.82451629638672,115.47611273394007,103.09568449283607,111.48211385735765,944587000
2020-09-21,109.11099243164062,109.67462421011028,100.19008973561047,101.58944934724231,847212600
2020-09-28,109.830078125,114.39742802131914,109.05266207166842,111.7639169612693,640562200
2020-10-05,113.66860961914062,113.69776170512303,109.08182693504324,110.69497822396754,548575100
2020-10-12,115.6607437133789,121.85095776064895,114.8153035762675,116.671391358692,881222300
2020-10-19,111.7930908203125,117.02124204404225,111.05453912383231,116.57422605813773,519569600
2020-10-26,105.78750610351562,113.96985593536186,104.67968236923052,110.79215257418838,684467100
2020-11-02,115.34005737304688,116.24380904841549,104.29096526632222,106.03044461629234,609571800
2020-11-09,116.09392547607422,118.75144614407559,111.10011033361914,117.30100427037534,589577900
2020-11-16,114.22488403320312,117.77798624921115,113.70895552636564,115.76294037849885,389493400
2020-11-23,113.49479675292969,114.49745883098531,109.6009876674912,114.06913745499462,365024000
2020-11-30,119.00454711914062,120.49392799294891,113.70896407728729,113.86472001468385,543370600
2020-12-07,119.16030883789062,122.60632371118497,116.96030438996269,119.0629576588686,452278700
2020-12-14,123.29747772216797,126.13995679034132,118.31339903645902,119.34525614673449,621538100
2020-12-21,128.4665069580078,130.84173305270377,120.17268883247876,121.70100871467608,433310200
2020-12-28,129.1674041748047,135.10545503324323,128.22315413773092,130.43289529339165,441102200
2021-01-04,128.54440307617188,130.06298656981346,123.02492186494955,129.97537941142014,610791200
2021-01-11,123.76471710205078,127.96029387655653,123.49215166336148,125.76029716322077,482792700
2021-01-18,135.37803649902344,136.1373282057296,123.57005377611789,124.38775025200066,429687100
2021-01-25,128.456787109375,141.23820720689488,126.7532453845792,139.2718440249411,716991000
2021-02-01,133.1293487548828,133.77183092248825,127.45411931511204,130.19926229285963,439303000
2021-02-08,131.97314453125,134.4201704123318,130.33530805190028,132.61658666637982,345543100
2021-02-15,126.61116027832031,132.5970883299083,124.2128975223916,132.0901474287897,363020300
2021-02-22,118.21722412109375,126.46493639401423,115.41923837192914,124.79783888963927,685989200
2021-03-01,118.37319946289062,125.49002313573473,114.61980921267136,120.64473442958179,663456700
2021-03-08,117.99298858642578,120.11828606408724,113.29393732050727,117.89549937767889,586977300
2021-03-15,116.97907257080078,124.0276524727531,116.67685382299581,118.36344597101993,626343500
2021-03-22,118.16846466064453,121.12243138267718,115.93592696323272,117.3105492648238,488825800
2021-03-29,119.91355895996094,121.06394949790783,115.87744464366168,118.59743601994161,359904000
2021-04-05,129.66261291503906,129.70160264420477,119.9817874577742,120.76171592417212,447820500
2021-04-12,130.79351806640625,131.61243632219518,127.35209777338672,129.19467128686148,444178800
2021-04-19,130.94952392578125,132.12915314225594,128.00530042839853,130.15983670849255,421147600
2021-04-26,128.16127014160156,133.6304985532716,127.78105703815494,131.44670169897105,501621500
2021-05-03,126.94265747070312,130.70579939568069,123.52072409828817,128.726724336851,453802300
2021-05-10,124.46292877197266,126.50394149512088,119.38480507420297,126.37699846096378,514165600
2021-05-17,122.49028015136719,125.00004641017311,119.98051389256126,123.84770193430599,386352000
2021-05-24,121.68951416015625,125.31256939111748,121.63092276524166,123.05670382930974,357615000
2021-05-31,122.93948364257812,123.20315975663462,120.24416837428298,122.14847020157359,278314500
2021-06-07,124.36528015136719,125.44927298497842,121.90434499431538,123.21293566538192,327048100
2021-06-14,127.40242004394531,129.44343320987477,124.09186450228192,124.82428677819465,457142800
2021-06-21,129.9902801513672,131.4844201035879,126.18169103809208,127.24614095678098,354155800
2021-06-28,136.6797637939453,136.71881975736173,130.22468177935457,130.28327317506356,321267200
2021-07-05,141.7090606689453,142.2363981441266,136.78718959629973,136.78718959629973,418559700
2021-07-12,142.9590301513672,146.48442251596472,140.26372214149322,142.7832559969077,504249300
2021-07-19,145.07815551757812,145.23440912929303,138.349638962688,140.3808912114879,441563700
2021-07-26,142.44149780273438,146.31845459547625,139.19930107985704,144.79501850686475,423324000
2021-08-02,142.7148895263672,144.57035291879927,141.77738266523173,142.92973453826977,284559400
2021-08-09,145.82369995117188,146.15622524916978,142.10719772347676,142.98741525899925,298082900
2021-08-16,144.93368530273438,148.34698672661767,141.32476672659388,145.27598547219753,429361600
2021-08-23,145.33465576171875,147.54498893926635,143.60354572760687,145.05101989151012,272129100
2021-08-30,150.90940856933594,151.57445905866877,145.34443847077628,145.725867998127,386647700
2021-09-06,145.69654846191406,153.80437821733287,145.43247723787448,151.56470502772063,354897400
2021-09-13,142.85049438476562,148.09271504675218,142.55708356060515,147.32008096917426,492884800
2021-09-20,143.6916046142578,144.22952199810462,138.16576266513772,140.64016770733792,394033300
2021-09-27,139.5154266357422,142.75270578152364,136.05322057381363,142.27346758763875,441421300
2021-10-04,139.7599334716797,141.05093517703023,135.23168246071864,138.64498423682923,382910100
2021-10-11,141.6572723388672,141.7159515069994,136.1412066820672,139.14375345509143,354098200
2021-10-18,145.4226837158203,146.87993285856993,140.01420130122446,140.29782226589302,340691300
2021-10-25,146.50830078125,149.8042436931447,143.19279317037723,145.4129014908708,392740000
2021-11-01,147.95578002929688,149.080504020282,144.55225354515252,145.71610693539412,324080300
2021-11-08,146.90823364257812,148.45577194280747,144.449795829464,148.29905579829142,281799900
2021-11-15,157.2512664794922,157.71161083201548,146.27158588471238,147.280421820172,462419300
2021-11-22,153.58810424804688,162.29544545256542,153.14735315261942,158.3580381131793,359933200
2021-11-29,158.5147247314453,166.80090655188366,154.55773981943875,156.09547378949244,669611100
2021-12-06,175.76290893554688,175.93921831838114,160.90460271061124,160.91439186427374,569227700
2021-12-13,167.6236572265625,178.38785566219482,166.20345276063674,177.39859814581993,769299200
2021-12-20,172.65805053710938,173.21634616947264,164.0192790013978,164.82242304753683,359176900
2021-12-27,173.9215545654297,177.604294120609,173.43182784528636,173.4514061534952,340248100
2022-01-03,168.6324920654297,179.1812094920179,167.5159157741246,174.17620196141505,481949000
2022-01-10,169.5140380859375,173.5395779480365,164.71470658182292,165.60601292555106,422655700
2022-01-17,159.0730438232422,168.99489744713455,158.965303342259,167.98606155487107,400041100
2022-01-24,166.83029174804688,166.8498849998228,151.52143102714248,156.7321300493939,688258600
2022-01-31,168.84799194335938,172.61889397856947,166.02716101945626,166.66381477548214,458553300
2022-02-07,165.3854522705078,173.24086361415053,164.7970255558841,169.5240125942392,412902000
2022-02-14,164.0713348388672,169.99476426383274,162.98275576839345,164.13997615024616,362252300
2022-02-21,161.6686553955078,163.47314264370752,149.06663457862697,161.79613642039806,414293700
2022-02-28,160.0210418701172,165.6502731605734,158.84420321072187,159.91316412008754,418671400
2022-03-07,151.74391174316406,161.83533675183884,151.51835462854714,160.20736896180534,521334100
2022-03-14,160.8153839111328,161.30573452736996,147.2032609801221,148.52719866537453,503123700
2022-03-21,171.34812927246094,171.89731959636083,159.86411067029448,160.35446131153566,446083700
2022-03-28,170.946044921875,176.14376491763892,168.62178757896973,168.84734469286113,465395100
2022-04-04,166.8074951171875,175.0453957363932,165.9346714824091,171.20104809982342,393099200
2022-04-11,162.10008239746094,167.96468590036903,161.8549071161648,165.4540934141864,297460200
2022-04-18,158.66766357421875,168.21970003463966,158.38326676927218,160.7565622217379,376787700
2022-04-25,154.60755920410156,162.9925585964128,152.381377951888,158.0105940276895,541697200
2022-05-02,154.2447052001953,163.26715451439958,150.3120982230726,153.68571321913595,566928200
2022-05-09,144.48292541503906,153.94095866537646,136.3213269344734,152.16326886992292,686227300
2022-05-16,135.13294982910156,147.09545033748398,130.24188557508393,142.950808805293,548244700
2022-05-23,146.9677276611328,147.0070067469963,134.69095271287492,135.3293390156653,495921700
2022-05-30,142.78382873535156,149.03025332886546,141.8802597672709,146.40793562028034,338923400
2022-06-06,134.68118286132812,147.1936665870722,134.61242570462275,144.40438595927802,354267700
2022-06-13,129.2106170654297,134.88739741484977,126.7356146855674,130.49722086629035,541168600
2022-06-20,139.13026428222656,139.37579982628543,130.93920212913494,131.0374073549783,315960300
2022-06-27,136.4490203857422,140.92760179134518,131.38117758755004,140.15170099429758,373549800
2022-07-04,144.4141387939453,144.91504075560354,134.48468355717148,135.3096941451097,278219600
2022-07-11,147.48829650878906,148.16597704358819,139.58204857996782,143.06865648493508,366316600
2022-07-18,151.3382568359375,153.4891502088084,144.08022807204802,148.04809013526764,360988700
2022-07-25,159.6079559326172,160.70796561063992,148.10707682788734,151.25974553765482,370548900
2022-08-01,162.39723205566406,164.20437025485427,156.77937701297557,158.1347231692173,322415000
2022-08-08,169.26145935058594,169.33029699566112,160.55742160963638,163.62595680994437,318771500
2022-08-15,168.69105529785156,173.24468062574005,168.48451230986507,168.69105529785156,322647200
2022-08-22,160.92132568359375,168.2287866440609,160.8623176958489,166.89121722907882,307194600
2022-08-29,153.24017333984375,160.21323209615775,152.1189763254394,158.49209540694193,390399000
2022-09-05,154.7744140625,155.21700399593914,150.16176614775742,153.88926420985837,314117000
2022-09-12,148.2144317626953,161.55077797072323,145.92285973622464,156.95780425499862,568337900
2022-09-19,147.9488525390625,156.12180288658072,146.1097004729062,146.84733023297306,473543200
2022-09-26,135.9206085205078,152.1681416830101,135.72391020279727,147.19160071004669,577537000
2022-10-03,137.7794189453125,145.1065392073289,135.41900940020585,135.9304369709222,435940600
2022-10-10,136.0976104736328,142.13633872738868,132.15374049372014,138.10395677966198,424188400
2022-10-17,144.8410186767578,145.4114542957378,137.9564725959311,138.74328086373518,397216400
2022-10-24,153.17132568359375,154.9022919241191,141.75281327861674,144.76234112057472,512851100
2022-10-31,136.0976104736328,152.8860556892277,132.1635851615543,150.63383280119362,510660400
2022-11-07,147.47512817382812,147.78051849192542,132.58969516016776,135.07224666755533,461034600
2022-11-14,149.04151916503906,151.3073395373745,143.97791052245216,146.75600685604903,382679700
2022-11-21,145.90878295898438,149.57349735019338,144.7463123566916,147.92831877095898,204025500
2022-11-28,145.6132354736328,146.91362476057662,138.2641149112773,142.98291899632767,401088500
2022-12-05,140.04722595214844,148.677029683403,137.9193241996703,145.57385090171576,341500000
2022-12-12,132.51092529296875,147.74116749319379,131.7425187492694,140.57920903382683,505728900
2022-12-19,129.90029907226562,134.77672923309623,127.71329147955147,133.10199761640865,384620400
2022-12-26,127.99897766113281,129.45699277585663,123.99932716050701,129.42743983737026,307184100
2023-01-02,127.69357299804688,128.9545483391876,122.3245743144694,128.34376763607588,369948500
2023-01-09,132.7572021484375,132.91482784880117,126.21588590348661,128.53096640253383,333335200
2023-01-16,135.82098388671875,136.54999148607124,131.78192673012734,132.8261707021631,271823400
2023-01-23,143.76116943359375,145.04185173584784,135.85051313947037,136.0672446844062,338655600
2023-01-30,152.2038116455078,155.04101372137666,139.2197008188814,142.8056023172103,480249700
2023-02-06,148.7657012939453,152.9229853406697,147.00231068266396,150.30252937981743,330758800
2023-02-13,150.51226806640625,154.24177431470957,148.83497936586727,148.93363455121371,316792400
2023-02-20,144.750244140625,149.27892698507506,143.77346321036748,148.19361484034448,213742300
2023-02-27,149.0125732421875,149.09150642636217,141.97780939788763,145.7369289012492,273994900
2023-03-06,146.51637268066406,154.21218516579313,145.63826168901898,151.73570350752766,313350800
2023-03-13,152.92950439453125,154.64626683139153,145.72701504753843,145.8355462657588,410426600
2023-03-20,158.109375,159.97412771293415,152.0908529873757,152.9985768441663,350100100
2023-03-27,162.6973114013672,162.7959816546598,153.896463775481,157.8035739593783,267939700
2023-04-03,162.4604949951172,164.61136758904664,159.6386979314082,162.07570517074615,200156300
2023-04-10,163.00315856933594,164.0983319737809,157.64568378922493,159.2637763362912,263326300
2023-04-17,162.81570434570312,165.91376033306446,161.83892312220075,162.88476147293923,249953100
2023-04-24,167.41343688964844,167.58117930762924,160.6253489686187,162.79595874083688,256340700
2023-05-01,171.25148010253906,171.97172463520235,162.11516443041327,167.0187769742959,360723200
2023-05-08,170.26483154296875,172.2578377116787,168.7157962457916,170.17602231369875,250062000
2023-05-15,173.05929565429688,174.2745399441767,168.37613742813662,171.08328181510862,258634800
2023-05-22,173.32603454589844,173.6619683326656,168.47493236756867,171.89342762783883,250355000
2023-05-29,178.7798309326172,179.5998784017098,174.45237131572915,174.83769337221483,286488400
2023-06-05,178.78970336914062,182.73184054853215,175.1933594976015,180.4396727887641,347854400
2023-06-12,182.70223999023438,184.74742157511324,178.7996156254044,179.09602072005504,333356300
2023-06-19,184.44113159179688,185.3105825386594,180.40018675376595,182.19836665281525,203677100
2023-06-26,191.6436767578125,192.14755478947328,183.00849205372197,184.5893089356262,281596800
2023-07-03,188.39312744140625,191.55476122937452,186.9308816137326,191.45595452008033,170287800
2023-07-10,188.4030303955078,189.40091189602947,184.36208595951467,186.99017274742292,250269000
2023-07-17,189.6380157470703,195.8525714971608,188.93652432958442,189.5984870351009,310848600
2023-07-24,193.48135375976562,194.8349181137423,189.94428796668825,191.0903793562233,225884500
2023-07-31,179.80734252929688,194.3705514580988,179.7381748247779,193.7085887864065,301580500
2023-08-07,175.65774536132812,180.9337138224241,174.4326264172612,179.94570689293045,332501200
2023-08-14,172.63011169433594,177.77468173115918,170.12708024206367,176.07301405108106,261498200
2023-08-21,176.70620727539062,179.61487240626784,171.88812114545865,173.20394656638626,247469000
2023-08-28,187.44053649902344,187.8956248663274,176.64682348749312,178.1704018551091,264199500
2023-09-04,176.28076171875,187.9549878482372,171.69022035381627,186.2731112668357,305075900
2023-09-11,173.14454650878906,178.37816835489647,171.72979625948622,178.15062417345743,403746500
2023-09-18,172.9269256591797,177.78459412349474,172.0068456747086,174.59891454741359,297395200
2023-09-25,169.3850860595703,175.0836850139738,165.8333402537617,172.34320610691836,285838900
2023-10-02,175.59812927246094,176.09279974358,168.99922699926987,169.3949573377072,260574000
2023-10-09,176.9436798095703,180.39647093898387,173.92618612776363,174.92541530600343,241810100
2023-10-16,171.0372772216797,177.17118841360085,170.7998299466356,174.86602206787302,288377700
2023-10-23,166.42694091796875,172.15521855174677,163.90411839891087,169.08827057042635,286078100
2023-10-30,174.76708984375,175.88505005717687,166.11035568598422,167.21842792355775,310075900
2023-11-06,184.4131622314453,184.58136349140736,174.33178980131578,174.4999759651317,303608500
2023-11-13,187.91534423828125,189.17346689615462,182.48661699746157,184.08155513349493,262862000
2023-11-20,188.19271850585938,191.12501747467445,187.47945332619432,188.11346513967058,148305600
2023-11-27,189.45083618164062,190.29287483283667,186.42936780726993,188.14317834773584,216481400
2023-12-04,193.87901306152344,194.15639227120218,185.69628102790153,188.2026100328056,251991700
2023-12-11,195.7216339111328,197.75244296849797,189.6291613909327,191.30335295282816,379414800
2023-12-18,191.78878784179688,195.83060423867883,191.16467694820312,194.25548305736083,232340900
2023-12-25,190.72877502441406,192.83885254308973,189.3022445957902,191.79867284588195,153729000
2024-01-01,179.48497009277344,186.67705911105844,178.4844245514249,185.3991191923884,275266500
2024-01-08,184.1805877685547,185.30002067274728,179.80194174494332,180.38641825830499,238385400
2024-01-15,189.76783752441406,190.15418823308323,178.61318709983655,180.45578627565112,259829200
2024-01-22,190.61981201171875,194.54277086498587,190.14430688636483,190.50093950938913,255536900
2024-01-29,184.11126708984375,190.40184993642347,177.57300802816712,190.2136250825702,325909900
2024-02-05,187.0832061767578,189.26262089401564,184.10135677576915,186.38974298469157,252715800
2024-02-12,180.83482360839844,187.14336183407963,179.88259999055308,186.89538472636468,268128900
2024-02-19,181.04315185546875,183.54275049121756,178.5435380843967,180.3190477202493,192448900
2024-02-26,178.206298828125,182.43182392339963,175.94474848019505,180.7654247766402,354385900
2024-03-04,169.34852600097656,175.46859934185036,167.12666075209927,174.7246680018448,393262300
2024-03-11,171.22323608398438,172.96900468631313,168.91208752136302,171.54065406088858,367119800
2024-03-18,170.88601684570312,177.22431235928957,168.6839784855534,174.1494047004376,361583900
2024-03-25,170.0924530029297,172.19530916239952,168.07888010482804,169.18982783625484,237622700
2024-04-01,168.2078399658203,170.52890215047958,166.86875747872807,169.80481320610068,239070900
2024-04-08,175.1214599609375,176.9168120397123,165.757840697282,167.66230332348462,322249800
2024-04-15,163.66490173339844,175.20080237766783,162.7523477339115,173.94107435067804,309416500
2024-04-22,167.93011474609375,169.95360145871248,163.43677038050373,164.18070176732755,241302700
2024-04-29,181.89617919921875,185.48688300008854,167.74164116233788,171.9671657755491,441926300
2024-05-06,181.56887817382812,183.59236512422464,178.96015362751422,180.8745451582668,300675100
2024-05-13,188.589111328125,189.81082452558036,183.3745284033107,184.18900386828096,288966500
2024-05-20,188.6983642578125,191.51921674133,185.37097291717296,188.05275531054173,208652100
2024-05-27,190.95306396484375,191.69800439643612,187.82432021449657,190.2180506162326,230395500
2024-06-03,195.561767578125,195.61143330627965,191.22125271157918,191.59867890267947,245994400
2024-06-10,211.0565185546875,218.71449734205936,190.85372348677882,195.57167933043385,635503200
2024-06-17,206.09027099609375,217.47295296661295,205.71282963889428,211.93059401400959,501649200
2024-06-24,209.19911193847656,214.61235731022026,205.19630030953806,206.31868196109488,334805300
2024-07-01,224.81307983398438,224.92233836715073,210.49036068574557,210.65921202684783,216231300
2024-07-08,228.98475646972656,231.50762996251825,221.74394192168748,225.55803341072985,287546800
2024-07-15,222.79678344726562,235.62962222179976,220.77055212743477,234.88468178488588,278397600
2024-07-22,216.4896240234375,226.24336931923793,213.17214452019843,225.47855958209956,242932200
2024-07-29,218.3767852783203,224.07806765618477,214.2945114754963,215.4963552652077,296061500
2024-08-05,214.78125,215.31760049038544,194.67778362284034,197.7469348394895,342088200
2024-08-12,224.52503967285156,225.2997764766653,214.1455397935791,214.61237032355038,214898200
2024-08-19,225.57049560546875,227.06210091701269,221.7917591148787,224.456768495002,188124900
2024-08-26,227.71841430664062,231.61647442505617,222.63701152893222,225.49094487894854,209486100
2024-09-02,219.58419799804688,227.7184117095067,216.26287862736027,227.27093314912315,179069200
2024-09-09,221.25479125976562,222.78616606005667,215.49720134552402,219.58420056853905,237580300
2024-09-16,226.9228973388672,231.7855303113645,212.72281521648003,215.3281477798311,550232800
2024-09-23,226.5151824951172,228.23551159576573,222.76629196170472,226.06770392337287,210673500
2024-09-30,225.53074645996094,231.6960459351441,221.77190195007785,228.7526045122063,221996800
2024-10-07,226.2765350341797,228.46421985007828,220.09134362458457,223.2436011157457,164894900
2024-10-14,233.6848602294922,236.1609308066867,227.32068287132387,227.42011413334154,218141000
2024-10-21,230.11492919921875,235.52448694018665,226.4853471368605,233.13790931560987,197299900
2024-10-28,221.66250610351562,233.41634855249933,219.03728125399175,232.01425103367,248222000
2024-11-04,225.68983459472656,227.3803175816434,218.4804089143924,219.75324423442817,208083400
2024-11-11,223.98695373535156,227.83952447877164,220.50271223280166,223.98695373535156,223817700
2024-11-18,228.8350372314453,229.6812162999479,224.15620136993854,224.2358430038049,196291700
2024-11-25,236.26145935058594,236.73929396987336,228.70563582460727,230.41789299964992,198118800
2024-12-02,241.7466278076172,243.52857697582414,236.09220886490107,236.2017142059087,208286500
2024-12-09,247.0128173828125,249.6707940770443,240.661538013097,240.74117964166157,192702600
2024-12-16,253.34420776367188,253.85190610745477,244.58382522076937,246.8734729021093,368202900
2024-12-23,254.43923950195312,258.92894360365426,251.92063167469624,253.6229393317002,133685900
2024-12-30,242.26429748535156,252.35864258098755,240.7312378590308,251.09435637084832,171023000
2025-01-06,235.7836151123047,246.21642581664855,231.95094323601768,243.21001877984978,185241400
2025-01-13,228.94454956054688,237.88412956101502,227.0033321448867,232.4785693219271,269145400
2025-01-20,221.77694702148438,226.00781168620264,218.3922613657447,222.99145526985754,277129600
2025-01-27,234.93743896484375,246.07705979363328,222.97155328637572,223.01138169773444,372675200
2025-02-03,226.60511779785156,232.94643248808816,224.68379957976668,228.95449268183066,227383400
2025-02-10,243.49871826171875,244.44443794069383,226.17705096274824,228.5363905965054,226587600
2025-02-17,244.7132110595703,247.8425098737267,241.01584740768863,243.3179728936496,166541000
2025-02-24,241.01583862304688,249.1480341058926,229.41550676334808,244.09530467496631,241760300
2025-03-03,238.25527954101562,243.1983678182835,228.44880176534755,240.96599605019534,239653700
2025-03-10,212.76246643066406,235.3552089492729,207.70973686315813,234.73731146737134,332232000
2025-03-17,217.5261688232422,218.09421843072647,209.25445108956598,212.58306515949604,287881900
2025-03-24,217.15740966796875,224.2531556678087,216.93815819229235,220.24685122028998,190172600
2025-03-31,187.738037109375,224.85111964126602,186.70157274086588,216.2704604831804,366947800
2025-04-07,197.47471618652344,199.9263394143881,168.63335392882644,176.59611498089373,675037600
2025-04-14,196.3087158203125,212.21433309332986,191.71442543866004,210.71944488073305,264593900
2025-04-21,208.56680297851562,209.0352025034097,189.16315269049986,192.61136820466615,238181400
2025-04-28,204.65020751953125,213.82881285925896,201.4710760745947,209.28435501208293,286233500
2025-05-05,197.8534393310547,203.40446493409706,192.59143396878702,202.40787277901924,275704500
2025-05-12,210.54005432128906,213.21092921856007,206.0454291525507,210.2510492857747,264778300
2025-05-19,194.8597412109375,209.03987741702178,193.05354646446796,207.47318391121334,273024200
2025-05-26,200.4280242919922,203.3817968647285,196.36656797106642,197.88337874521056,223844900
2025-06-02,203.49156188964844,205.8066948743475,199.69954265106946,199.85921014519982,227142700
2025-06-09,196.03726196289062,205.56720077219026,195.2888376882346,203.96058272019275,283877000
2025-06-16,200.5777130126953,201.27623931614946,194.66017883811702,196.88548950009647,224085100
2025-06-23,200.6575469970703,203.24210193619933,198.54200583938712,201.20639453139324,273391700
2025-06-30,213.10133361816406,214.1990133776075,198.84134843989298,201.585570678597,273599300
2025-07-07,210.7163543701172,215.7756943312126,206.7846299134773,212.23314987158005,226036700
2025-07-14,210.73631286621094,211.9537509183941,207.10396095403217,209.4889390608373,225669600
2025-07-21,213.43064880371094,215.32665086464198,211.18537599257803,211.6543897534865,231062200
2025-07-28,201.95480346679688,214.3986051517315,201.07664747870345,213.58032066705712,319915100
2025-08-04,228.86813354492188,230.51466074526758,201.2562558041808,204.08031170025896,431826300
2025-08-11,231.10342407226562,234.6260062984693,224.28777212470206,227.44113659614877,295265800
2025-08-18,227.53941345214844,232.89422300780967,223.56327227183633,231.47560007903522,192241700
2025-08-25,231.91517639160156,233.18395069004328,224.47239461805458,226.260654331093,194310800
2025-09-01,239.45787048339844,241.08629675958926,226.75018816944632,229.02797884421025,212923200
2025-09-08,233.84332275390625,239.91742117689807,225.73117618365197,239.06825350388672,304787000
2025-09-15,245.26223754882812,246.06146581163878,234.8023763409723,236.77046964998888,360619500
2025-09-22,255.2126007080078,257.3505275669758,247.87969771112603,248.0595313129517,309374700
2025-09-29,257.7701110839844,258.9889308017334,252.76496847664623,254.31347043713177,218331700
2025-10-06,245.032470703125,258.81910903875513,243.76369637579657,257.74013789953653,213437900
2025-10-13,252.045654296875,253.13461023404025,244.4630087540338,249.13848417269432,196438500
2025-10-20,262.56549072265625,265.0330999781397,255.18263261238707,255.64219385276576,253202800
2025-10-27,270.108154296875,277.05143573891627,264.3936926324794,264.6234808638183,293563300
2025-11-03,268.2099914550781,273.1352094959492,265.9921402771897,270.1581151002045,242583900
2025-11-10,272.14617919921875,276.4320329437113,267.20096099495635,268.6995082704271,232952800
2025-11-17,271.489990234375,275.42999267578125,265.32000732421875,268.82000732421875,235974500
2025-11-24,278.8500061035156,280.3800048828125,270.8999938964844,270.8999938964844,166067000
2025-12-01,278.7799987792969,288.6199951171875,276.1400146484375,278.010009765625,235050800
2025-12-08,278.2799987792969,280.0299987792969,273.80999755859375,278.1300048828125,176224300
2025-12-15,273.6700134277344,280.1499938964844,266.95001220703125,280.1499938964844,334459100
2025-12-22,273.3999938964844,275.42999267578125,269.55999755859375,272.8599853515625,105646200
2025-12-29,271.010009765625,277.8399963378906,269.0,272.69000244140625,110986500
2026-01-05,259.3699951171875,271.510009765625,255.6999969482422,270.6400146484375,236725400
2026-01-12,255.52999877929688,261.82000732421875,254.92999267578125,259.1600036621094,242545400
2026-01-19,248.0399932861328,254.7899932861328,243.4199981689453,252.72999572753906,216306500
2026-01-26,259.25,261.95001220703125,249.8000030517578,251.47999572753906,185352659
